{
  "shapes": {
    "dataset1": [
      907,
      12
    ],
    "dataset2": [
      2123,
      7
    ]
  },
  "means": {
    "risk": 0.49503858875413453,
    "reward": 0.5336273428886439
  },
  "tests": {
    "risk_vs_reward_chi2": {
      "chi2": 352.83381148693195,
      "p": 1.0233966969013452e-78,
      "dof": 1,
      "table": {
        "0": {
          "0": 72,
          "1": 351
        },
        "1": {
          "0": 386,
          "1": 98
        }
      }
    },
    "sec_after_rat_by_risk_mw": {
      "U": 99693.0,
      "p": 0.42786520317016097,
      "n_a": 458,
      "n_b": 449
    },
    "rat_arrivals_kruskal_by_month": {
      "H": 170.68127028950877,
      "p": 3.2247185134744353e-34
    }
  }
}